discord_id,github_username
778248069066129419,fbvjzbcn
732794655644713030,kuvpffjb
426541854142758932,pdehtsrl
467892133601476610,ljuedvpv
439836747065458688,nialimol
722333373342941194,uktgtaba
536919776522534973,yyglibdz
338947895665360898,phcduwvr
430911648736346113,mpfkubpm
353197249381007371,faoiruwq
757843840030867497,uvieorud
608556268101042177,abffxach
707178270956978216,aibrrblo
807284104159690803,lzcnrpjw
512635680564838420,xthhvkbm
584628058573635587,jzbeoutk
286839674847363072,amvwoxus
410038257124900867,kneogdde
321979586978119680,chxdegmg
766180433548410901,crytpdtv
836128143520563200,owescbep
293815813700583425,ajcrehet
184351770636582913,knhxxuka
736234578745884682,rjqragky
764380347294810132,bgkaqxuv
697748949267644457,ivyrkgls
443664253069688832,jvplqzmd
716934091814993943,ydagiefb
549040328251015168,ugltqwju
336516669440786432,japiecmx
597595954698256385,cbcuqeig
346835645789896706,zmpvbifk
710194014569234462,qjlhbgrq
200667039986089984,resvnogs
423478920944287745,tgeepsez
764550288802709544,vawupfnd
807112624084353064,bjosiuta
246333265495982080,xwvwrscg
237690233422872577,yomgzpbv
789544077237420032,skwpbgsi
130724475111997440,glefabyx
487542877967220737,nfauqrau
554739410147475462,lrqjdxeb
749972819135168522,zcbawgys
537187991714660352,ddsnoqey
812545372223569921,gymrmbwu
348486017227030528,bwhcrtcl
230214242618441728,tsjokvfs
732565048287035445,daetvmcq
736564444167143545,zfhznypy
459318590181736469,vntniaul
611418694245154847,kfomjtit
827518732703367220,wufcbwyu
615654674003132491,mzbwmddp
704294513111203860,yvqumvka
348422700395528203,rxcywgzr
272768062170726400,tsviyicz
764189351692861470,mcwktuko
573748526605926410,ypinqjuf
245256081675255808,fjpgqmoo
200005673394765824,sczifjmb
707107037070360596,akkqgpgk
795723978722246716,rhzctsrs
458595416045387777,jguqeybx
809849075087704135,sexjkgmk
218487928396054528,qwvclhyd
505817251732258836,uubbhxoa
422807299745382411,rcsnugfm
705529037568737361,bxbwmxgj
278268056172757004,jkktrpdq
748196836602544188,bdwlncbh
161606039383310337,ixrvbahn
764306950895829013,wemcsgzk
483460784668803082,xbozbxfp
438655953387388939,iwqasluw
281821029490229251,tfkjuzjl
664161180121825301,wwyuggyz
699847325320740944,ngdaydyp
442769251053338634,chydojdb
782252406457106483,vwrqlsku
618355400038940682,vjtyonic
407579390449418241,iakoebxh
225449938258100225,rrjokafa
544952898530836481,zltdmlms
621371483373174814,evgcghbd
482271768451612683,hapgfjbw
251071111578517505,kgxvuail
562336290637480101,nrtbusrq
437984033377484803,vfdbfsmr
592417969666261002,mnmfpntx
341446613056880641,ikknpxup
411166117084528640,avnoquyi
700693120546897991,ylfpqfws
747475962475577364,qzkgmidx
292448864944783360,tmiklugf
773626861187760168,bpwzfwan
230417536968163328,sncvqldb
614866027897159710,dodkdmvl
572693763240099840,vccxywmo
275709752875548674,yxmqgqcv
239260347981103105,zblqbfkd
755804586224255036,fkbtngqz
718351868383854593,fxsiehkv
535226242967011340,oszxcusq
664071485081649152,xpnyfhxp
638191955242909742,olmmzvfp
512329660617588737,usxmciif
496381034628251688,ceibrxlv
272790421837578240,imrgabez
571253819028013056,sfqplmzn
685842582856532059,bvcsgywp
415837511601094666,cadzcrxx
442244135840382978,obhpiuxy
706574263947231273,atnohwif
711139015499317288,ohkfiqsw
799197702281494601,tvanksbd
666898982324142100,wtjfteqk
575326754214903818,vxpxfvne
133948713667264512,xelemxnj
778550606256144394,qjgcuzwh
854245827685777418,ejaqteaf
563098981794709511,derqxorh
708480401924030555,ifhsnwhv
761902345339535382,niogmiun
643764774362021899,ophpxabt
678741858121285633,zvfmvmok
235904856106336257,kufqetni
158399820623642625,joeavias
740498628854153236,hbhzbslc
340847611684716545,aiobicit
455035953837506581,fzyfvsin
275959603907264512,fczyxrsj
218455068242870274,tnyytopa
491320356439588926,dsllddqg
506618674921340958,qkrdllam
433159875359670272,vlziqwwy
442425389743210508,jqcxaupl
229459580437004288,kacdshge
766322609620516914,gjhwrdzu
144514431232114689,ofylvmve
210590047290785792,dkywjdmn
343889571060383744,rxcesetm
721931783041712149,vwjfclic
441739469377372162,xcocvlhq
316384426613407754,bdvzjbfj
717393493508489267,hrvnxdbu
696009132909527464,yisgekrr
442308338068488192,trbehrjl
772033037788905482,wiwrbjdz
567615955715227655,qysccybj
710403506812747779,lumfsxay
711301066066493491,pirydbqs
144452359915962368,snwnrnol
508386995496681482,cvhgueos
627132213875441687,csoawfdh
398154832080404480,msgjpujx
699994041294651414,tzxjmlpa
341167101010247680,okfrzacb
244459328847872000,vmqhkfft
701868221422108814,hhypumjp
726987800817303563,fzzogzmf
163615272073166849,vsqnskvh
669964790264889360,sbuskphw
852434657987657728,dtechffo
457236575395381249,kfbpghdv
431940500363411456,fljugtbt
757505679652028496,nvfquhjs
460031128678563842,vqiszgow
263396410160971786,odhpokja
752787190488105020,hjcqpghg
518223459680124951,gnnimdoe
643624299202215937,egsdmuhi
221417491136512010,nqyxyoqq
159536770612985856,czaqsnsf
752149316654596117,sigistfe
368363854284980224,vhawolbe
746833506629582870,mhsqveef
133270016408813568,envjkbez
200365496996986880,ezixwzpg
485819332031414288,fphbhchg
242389359045771265,oxtfwtde
699098555368865873,cppanjow
520076138752507906,ngaetgen
269160700826484736,djmepskj
787351231332483102,uokxhqbg
645953715877969920,oyghyfin
468828932578344965,rqnwineh
360084558265450496,dlhctcon
667698491237072906,gylnltpf
759826377695297618,uyhtutvx
248129774923415554,ggqqyfiu
403515037416816661,sdcptkxr
749532806924861450,dtzveoux
764384506726711346,fqstxxhf
805903287723229294,yozrjmkl
433592083295764480,ltfwdmfl
263957159807549450,xdrjlqib
286201440240664577,xahmrubj
328945279615238144,ecrxikru
254700431186460674,omyzmhdq
198837003037442048,waimcwsp
742870906673823889,dnzgmjww
302660831047319555,dscsqspf
717983911824588862,ilhdeidf
298237125902598144,jcbnaqmz
451848182327148554,rtnvtzam
222247703009165314,lsdwjwuw
750394576233300019,xiuhvuib
719582195509100585,gjuwfylc
638880336394321929,pndluduo
785193141971451974,kgxsmvgp
385404247493050369,bumxkkpe
815573120856358912,ftwevhdm
701747104238010379,gjvswxcw
495654664126332939,nlgvbiaw
845342667217829888,bvtdahyo
235723810207170561,sywokrnd
515551392002474004,ludhtmfr
269255357488955392,nwwxziof
324089322166812674,zvvxdmqt
731382226863915098,cevcrlww
286940767363006465,mfuyvmzy
699391569266081803,qodtrjdo
326304149857632256,xwfypaoi
676130900085309441,hbhgthkp
659859315577847820,yajnqsyv
183475370127785984,kvclqlva
199938842168524800,mzfnihzt
808422179233333262,vmvxsnez
157360613897535488,bledhkne
614257135097872410,kfpsfbmj
157183377089363969,ywbppfdw
522314207736102912,hggiyqev
174323586104950784,pywioomh
530468777096380427,ouheeuot
782056462150402048,keeervhn
422523837716889601,vmhmruac
246512746986864641,zcdmqpnw
429402426399784961,jsrnqkpu
702168378806370375,hwdmmjdl
717830521157058622,urcsrjls
344404945359077377,prbhrhtk
590874172805218314,smudunvo
580351783860174858,ecyskusq
422424751169077289,jkoneadd
220148284168077312,alvsmukc
554099485048045569,luhipugj
155277021637902345,egztnmjx
276721198170374146,jdkejpbq
520447604266631172,ugicmvuk
243233333549465600,ejeatxzf
302968847353249813,gclvrqia
696224466727862332,qjutwzyg
552709933548699649,fgcewurq
425877238232252438,esjtxdgo
393172660630323200,hdoupabw
755893866758013081,kjfccknc
745571681833058397,lvgbswal
781563573939601419,kcggdxig
503067984814669826,xrffspkk
504707691428446221,vsqubnes
288739783172161536,vadlrnnh
447365043198361603,ytyqhbdm
307235664460644363,ynwkmoox
663139761128603651,hakhlfqx
397157268484784128,zuwycpjr
191144604123267073,gdilbjft
616345671548534826,dklorbpf
707977917485023376,efsfakum
212785865259220993,snowfqgl
116062174203346944,hgfqxuhf
280139294327308299,balzwizc
165481967167471617,iadyakjw
546843845774671876,eiggxfkq
523640771191242752,zscmhvfa
814026396732358717,zudcoeng
366055261930127360,gztvuqap
715941489032560740,lvymahzb
262463701464907776,dqyopowd
533628213470167060,yxzowvgs
414748540653535232,iwvchmim
724329419925225512,hpdqcetf
427079927565910028,nvtmwznx
128363483828977664,zgxlkpzd
220142229526806528,ayrmjfte
608587691533271042,wsppdeak
765838963054477343,srermpul
692036921773391884,qfeqfynk
690437935170060338,jjqowhcx
314109333250113536,hbhpsxog
736822668023693393,oehcusay
253519037508616192,vyaykfnj
755788360613757051,gxzqhkdj
279963317257240576,odfomthl
718535602768707687,onvcbzqz
386737044744830978,fqzpkhtz
219966967480582144,utggxmuq
710657087100944476,wbjhltbt
339985540499636225,sbmvehfg
340801746374754305,iuhvarmd
690941404523921439,wpamvnwh
667202642862407728,edfttxew
144069294131511296,gntgomwt
697298004494778380,zlddtpbi
212643981593411584,xjhrutqc
389863649193361419,qcizhvbh
264366686596104193,qwkgiqjo
795729730350350407,hhhquevv
640579353666650134,owizhwvx
435000596165165057,pwcscbip
407856086373367809,cobbfeuv
858135822389346344,fpuwyajb
513692897854619707,nqnpvlmo
329885271787307008,vzfyipky
116946134416490496,ayjhtyao
294170444796526594,jrisnltp
535137217925087233,alrtamqi
319612863150948355,mrgvgjkr
502873592896290824,cncluiep
775720382224531517,hrbiacgx
429951329419395072,gdhymtif
343215961018728459,jzvolgjr
450732226183692289,sjkszmza
828447650436218920,vdsmefhv
239810885093294080,fojaknpj
296128558810660865,zjopjrcs
576100587494440971,uydadfoa
722075505230348358,fkxpperk
792707663850635274,fquwzmgb
775405438237671434,zaahxyaq
477739217577836544,yqndfaub
689094362419822701,wrlabnru
350955779240624128,fmrlroyc
274830318387593218,jxlmovpp
408276512656326656,jzxukejc
218293979131674625,djgoqmsv
718087881087910018,wtstypth
145693162239688705,amftgksk
401851976683487232,utbdonvg
378279228002664454,pkxjzfom
251546340180361228,nyqowdhl
499400512559382538,uxclhmpi
769221607888912487,uhlfntjl
227606560455524352,dpvtiphb
325306360004739072,bwwinbpa
230584837520490496,hgvxwkmd
171697159471759362,ciyijrhj
374214889125838858,hfrxemkl
783468249341493249,bqrjjezl
139041135069888522,uziffwkq
505185157892800512,rbowjfzd
689526317338984533,xrsvvkff
137415565265338368,dlirsdli
497204843480612864,nfodjfxf
584817706646110333,gwmroidb
122119613038198786,cgmwuoey
651852057195839489,akarwpjc
696697103384182874,pxmslsok
506953897110274048,fxiaupxa
638416664806817812,mbfblgeq
328539281964400641,putxjlbv
184665986513895424,dsjoielv
239461074049564672,tfanymkr
285884980641660929,yyceviqe
210664859916828673,peputqiv
573529507722428427,mqfwyprx
821349304097964083,lhvfjniv
249862310120652800,jmsmedwq
201166875520925705,swiphcgs
145420999192477696,krbymkno
156637041340186624,zyzlcwyj
494466018245345282,iieihukp
503326393749471232,nzgrcjwh
674467448178606080,mhyzixgi
355135998746689556,fxhfwjlr
90026239925956608,jswmzynu
439661983915048960,dkntovfw
683608684848480321,ayuqhzom
694745064529985548,rpruoxqw
563123992547033100,eseccahv
265514005039284224,oorunxek
343267538534268928,smqbyisx
671189137688100883,tzhsazwc
230412986810892299,rtxduwcz
385578537450733569,grcwxpzh
858952348445179925,ovffrkui
578643105931329578,cpsejsrp
853309207922212965,dwnnaehn
156204531921715200,hurbcdvf
707306869189771394,cbypfotv
561294557543661620,wbeitomn
215616146068602880,khycyxqa
